{
  "IcoMoonType": "selection",
  "icons": [
    {
      "icon": {
        "paths": [
          "M304 608c0 114.876 93.124 208 208 208s208-93.124 208-208-93.124-208-208-208-208 93.124-208 208zM960 256h-224c-16-64-32-128-96-128h-256c-64 0-80 64-96 128h-224c-35.2 0-64 28.8-64 64v576c0 35.2 28.8 64 64 64h896c35.2 0 64-28.8 64-64v-576c0-35.2-28.8-64-64-64zM512 892c-156.85 0-284-127.148-284-284 0-156.85 127.15-284 284-284 156.852 0 284 127.15 284 284 0 156.852-127.146 284-284 284zM960 448h-128v-64h128v64z"
        ],
        "tags": [
          "camera",
          "photo",
          "picture",
          "image"
        ],
        "defaultCode": 59663,
        "grid": 16,
        "attrs": []
      },
      "attrs": [],
      "properties": {
        "ligatures": "camera, photo",
        "name": "camera",
        "order": 3,
        "id": 16,
        "prevSize": 32,
        "code": 59663
      },
      "setIdx": 0,
      "setId": 1,
      "iconIdx": 15
    },
    {
      "icon": {
        "paths": [
          "M288 576h-64v448h64c17.6 0 32-14.4 32-32v-384c0-17.6-14.4-32-32-32z",
          "M736 576c-17.602 0-32 14.4-32 32v384c0 17.6 14.398 32 32 32h64v-448h-64z",
          "M1024 512c0-282.77-229.23-512-512-512s-512 229.23-512 512c0 61.412 10.83 120.29 30.656 174.848-19.478 33.206-30.656 71.87-30.656 113.152 0 112.846 83.448 206.188 192 221.716v-443.418c-31.914 4.566-61.664 15.842-87.754 32.378-5.392-26.718-8.246-54.364-8.246-82.676 0-229.75 186.25-416 416-416s416 186.25 416 416c0 28.314-2.83 55.968-8.22 82.696-26.1-16.546-55.854-27.848-87.78-32.418v443.44c108.548-15.532 192-108.874 192-221.714 0-41.274-11.178-79.934-30.648-113.138 19.828-54.566 30.648-113.452 30.648-174.866z"
        ],
        "tags": [
          "headphones",
          "headset",
          "music",
          "audio"
        ],
        "defaultCode": 59664,
        "grid": 16,
        "attrs": []
      },
      "attrs": [],
      "properties": {
        "ligatures": "headphones, headset",
        "name": "headphones",
        "order": 4,
        "id": 17,
        "prevSize": 32,
        "code": 59664
      },
      "setIdx": 0,
      "setId": 1,
      "iconIdx": 16
    },
    {
      "icon": {
        "paths": [
          "M981.188 160.108c-143.632-20.65-302.332-32.108-469.186-32.108-166.86 0-325.556 11.458-469.194 32.108-27.53 107.726-42.808 226.75-42.808 351.892 0 125.14 15.278 244.166 42.808 351.89 143.638 20.652 302.336 32.11 469.194 32.11 166.854 0 325.552-11.458 469.186-32.11 27.532-107.724 42.812-226.75 42.812-351.89 0-125.142-15.28-244.166-42.812-351.892zM384.002 704v-384l320 192-320 192z"
        ],
        "tags": [
          "play",
          "video",
          "movie"
        ],
        "defaultCode": 59666,
        "grid": 16,
        "attrs": []
      },
      "attrs": [],
      "properties": {
        "ligatures": "play, video",
        "name": "play",
        "order": 2,
        "id": 19,
        "prevSize": 32,
        "code": 59666
      },
      "setIdx": 0,
      "setId": 1,
      "iconIdx": 18
    },
    {
      "icon": {
        "paths": [
          "M384 928c0 53.019-42.981 96-96 96s-96-42.981-96-96c0-53.019 42.981-96 96-96s96 42.981 96 96z",
          "M1024 928c0 53.019-42.981 96-96 96s-96-42.981-96-96c0-53.019 42.981-96 96-96s96 42.981 96 96z",
          "M1024 512v-384h-768c0-35.346-28.654-64-64-64h-192v64h128l48.074 412.054c-29.294 23.458-48.074 59.5-48.074 99.946 0 70.696 57.308 128 128 128h768v-64h-768c-35.346 0-64-28.654-64-64 0-0.218 0.014-0.436 0.016-0.656l831.984-127.344z"
        ],
        "tags": [
          "cart",
          "purchase",
          "ecommerce",
          "shopping"
        ],
        "defaultCode": 59706,
        "grid": 16,
        "attrs": []
      },
      "attrs": [],
      "properties": {
        "ligatures": "cart, purchase",
        "name": "cart",
        "order": 5,
        "id": 59,
        "prevSize": 32,
        "code": 59706
      },
      "setIdx": 0,
      "setId": 1,
      "iconIdx": 58
    },
    {
      "icon": {
        "width": 1152,
        "paths": [
          "M768 770.612v-52.78c70.498-39.728 128-138.772 128-237.832 0-159.058 0-288-192-288s-192 128.942-192 288c0 99.060 57.502 198.104 128 237.832v52.78c-217.102 17.748-384 124.42-384 253.388h896c0-128.968-166.898-235.64-384-253.388z",
          "M327.196 795.328c55.31-36.15 124.080-63.636 199.788-80.414-15.054-17.784-28.708-37.622-40.492-59.020-30.414-55.234-46.492-116.058-46.492-175.894 0-86.042 0-167.31 30.6-233.762 29.706-64.504 83.128-104.496 159.222-119.488-16.914-76.48-61.94-126.75-181.822-126.75-192 0-192 128.942-192 288 0 99.060 57.502 198.104 128 237.832v52.78c-217.102 17.748-384 124.42-384 253.388h279.006c14.518-12.91 30.596-25.172 48.19-36.672z"
        ],
        "tags": [
          "users",
          "group",
          "team",
          "members",
          "community",
          "collaborate"
        ],
        "defaultCode": 59762,
        "grid": 16,
        "attrs": []
      },
      "attrs": [],
      "properties": {
        "ligatures": "users, group",
        "name": "users",
        "order": 6,
        "id": 115,
        "prevSize": 32,
        "code": 59762
      },
      "setIdx": 0,
      "setId": 1,
      "iconIdx": 114
    }
  ],
  "height": 1024,
  "metadata": {
    "name": "icomoon"
  },
  "preferences": {
    "showGlyphs": true,
    "showQuickUse": true,
    "showQuickUse2": true,
    "showSVGs": true,
    "fontPref": {
      "prefix": "icon-",
      "metadata": {
        "fontFamily": "icomoon"
      },
      "metrics": {
        "emSize": 1024,
        "baseline": 6.25,
        "whitespace": 50
      },
      "embed": false
    },
    "imagePref": {
      "prefix": "icon-",
      "png": true,
      "useClassSelector": true,
      "color": 0,
      "bgColor": 16777215,
      "classSelector": ".icon"
    },
    "historySize": 50,
    "showCodes": true,
    "gridSize": 16
  }
}